User;Name;Date;changes
TiChou;Bataille_de_Cholet;26/07/2007 10:19;18
Musso;Coup_d'État_du_18_fructidor_an_V;27/07/2007 06:09;48
Châtillon;Bonnet_phrygien;30/07/2007 05:13;149
91.164.76.53;Carle_Vernet;30/07/2007 06:48;217
Polmars;Complot_de_l'Œillet;30/07/2007 08:01;72
83.152.86.142;1er_régiment_de_dragons;30/07/2007 09:01;75
83.152.86.142;1er_régiment_de_dragons;30/07/2007 09:04;38
91.164.76.158;Carle_Vernet;31/07/2007 08:54;26
81.220.243.109;Carle_Vernet;04/08/2007 07:41;872
Ollamh;Bonnet_phrygien;04/08/2007 09:55;6
Davric;10e_régiment_de_hussards;05/08/2007 04:10;96
Davric;1er_régiment_de_dragons;05/08/2007 06:26;80
Erabot;Bon_Albert_Briois_de_Beaumetz;05/08/2007 10:15;24
Erabot;Bonnet_phrygien;05/08/2007 10:16;23
Badmood;Charles_Antoine_Chasset;06/08/2007 07:44;233
Badmood;Achille_Libéral_Treilhard;07/08/2007 02:59;206
Quasar-Hfo4;Alexandre_François_Marie_de_Beauharnais;07/08/2007 04:31;3
Quasar-Hfo4;Alexandre_François_Marie_de_Beauharnais;07/08/2007 04:31;2
Fredbo28;Alexandre_François_Marie_de_Beauharnais;07/08/2007 05:00;9
Badmood;Bon_Albert_Briois_de_Beaumetz;07/08/2007 07:54;203
Badmood;Camille_Borghèse;08/08/2007 08:45;120
Badmood;André_Joseph_Abrial;09/08/2007 02:15;52
Huster;Affaire_de_Nancy;09/08/2007 03:35;5
Badmood;Benjamin_Zix;09/08/2007 04:40;87
Khaerr;Bataille_de_Cholet;09/08/2007 06:12;6
Badmood;Carle_Vernet;09/08/2007 08:55;156
Eusebius;Affaire_de_Nancy;15/08/2007 08:29;39
Eusebius;Affaire_de_Nancy;15/08/2007 08:30;68
Eusebius;Affaire_de_Nancy;15/08/2007 08:35;289
82.127.252.53;Contributions_directes;18/08/2007 04:03;21
Estebanlenormand;André_Joseph_Abrial;18/08/2007 08:56;48
Fredbo28;10e_régiment_de_hussards;20/08/2007 08:28;13
86.198.223.234;Chouans_!;21/08/2007 06:04;559
86.198.223.234;Chouans_!;21/08/2007 06:16;384
86.198.223.234;Chouans_!;21/08/2007 06:17;33
86.198.223.234;Chouans_!;21/08/2007 06:17;8
86.198.223.234;Chouans_!;21/08/2007 06:17;10
86.198.223.234;Chouans_!;21/08/2007 06:18;25
Khaerr;Bataille_de_Cholet;26/08/2007 05:47;121
83.252.93.33;Coup_d'État_du_18_fructidor_an_V;27/08/2007 08:04;2
Fredbo28;1er_régiment_de_dragons;29/08/2007 10:01;153
Orthodingue;Affaire_de_Nancy;04/09/2007 01:47;2
Orthodingue;Affaire_de_Nancy;04/09/2007 10:35;16
Eusebius;Affaire_de_Nancy;04/09/2007 10:56;22
86.198.223.96;Chouans_!;05/09/2007 01:31;11
86.198.223.96;Chouans_!;05/09/2007 01:32;9
Orthodingue;Affaire_de_Nancy;06/09/2007 04:36;35
Furmeyer;Bataille_de_Cholet;10/09/2007 04:50;28
Furmeyer;Bataille_de_Cholet;10/09/2007 04:53;101
Furmeyer;Bataille_de_Cholet;11/09/2007 10:33;2
Brunehaut;Carle_Vernet;12/09/2007 07:40;39
Massoni;13e_régiment_de_hussards;15/09/2007 02:52;29
KelBot;13e_régiment_de_hussards;15/09/2007 06:27;8
Massoni;10e_régiment_de_hussards;15/09/2007 07:39;386
Massoni;10e_régiment_de_hussards;15/09/2007 07:42;133
Massoni;11e_régiment_de_hussards_(France);15/09/2007 07:50;332
Massoni;12e_régiment_de_hussards;15/09/2007 07:59;517
Massoni;13e_régiment_de_hussards;15/09/2007 08:06;447
Massoni;13e_régiment_de_hussards;15/09/2007 08:07;21
Massoni;13e_régiment_de_hussards;15/09/2007 08:08;3
Massoni;13e_régiment_de_hussards;15/09/2007 08:10;146
Massoni;10e_régiment_de_hussards;15/09/2007 10:03;3
Massoni;10e_régiment_de_hussards;15/09/2007 10:06;201
Massoni;10e_régiment_de_hussards;15/09/2007 10:06;4
Serein;10e_régiment_de_hussards;15/09/2007 10:07;24
Massoni;10e_régiment_de_hussards;15/09/2007 10:08;51
Massoni;11e_régiment_de_hussards_(France);15/09/2007 10:12;200
Massoni;11e_régiment_de_hussards_(France);15/09/2007 10:12;24
AlleborgoBot;Bataille_de_Cholet;18/09/2007 12:43;27
Robbot;Bonnet_phrygien;18/09/2007 12:52;34
Stanlekub;Caroline_chérie_(1951);23/09/2007 05:33;35
MMBot;10e_régiment_de_hussards;24/09/2007 03:59;2
MMBot;11e_régiment_de_hussards_(France);24/09/2007 06:31;5
MMBot;12e_régiment_de_hussards;24/09/2007 09:15;1
MMBot;13e_régiment_de_hussards;24/09/2007 11:44;1
Venividi;1er_régiment_de_dragons;25/09/2007 06:49;13
GillesC;11e_régiment_de_hussards_(France);27/09/2007 08:31;22
GillesC;Carle_Vernet;27/09/2007 08:32;22
Alain Schneider;Alexandre_François_Marie_de_Beauharnais;28/09/2007 08:58;1
Massoni;1er_régiment_de_dragons;30/09/2007 01:37;385
Massoni;1er_régiment_de_dragons;30/09/2007 01:44;637
Massoni;1er_régiment_de_dragons;30/09/2007 01:45;23
Massoni;1er_régiment_de_dragons;30/09/2007 01:48;12
Massoni;1er_régiment_de_dragons;30/09/2007 01:49;62
Massoni;1er_régiment_de_dragons;30/09/2007 01:50;6
Massoni;1er_régiment_de_dragons;30/09/2007 01:53;229
Massoni;1er_régiment_de_dragons;30/09/2007 01:53;4
Massoni;1er_régiment_de_dragons;30/09/2007 01:55;4
Massoni;1er_régiment_de_dragons;30/09/2007 01:58;46
Massoni;1er_régiment_de_dragons;30/09/2007 01:59;12
Massoni;1er_régiment_de_dragons;30/09/2007 02:05;249
Massoni;1er_régiment_de_dragons;30/09/2007 02:10;420
Massoni;1er_régiment_de_dragons;30/09/2007 02:12;84
Massoni;10e_régiment_de_hussards;30/09/2007 02:13;24
Massoni;10e_régiment_de_hussards;30/09/2007 02:14;18
Massoni;1er_régiment_de_dragons;30/09/2007 02:15;109
MMBot;Adoption_par_Louis_XVI_de_la_cocarde_tricolore;30/09/2007 06:50;1
MMBot;Affaire_Réveillon;30/09/2007 08:26;2
Sherbrooke;Bonnet_phrygien;01/10/2007 04:36;21
Massoni;1er_régiment_de_dragons;01/10/2007 09:59;9
Massoni;1er_régiment_de_dragons;01/10/2007 09:59;13
Ollamh;Benjamin_Zix;02/10/2007 12:24;17
Néfermaât;1er_régiment_de_dragons;06/10/2007 08:30;312
Jaucourt;Carle_Vernet;07/10/2007 04:47;442
SieBot;Camille_Borghèse;07/10/2007 05:02;24
193.251.203.108;13e_régiment_de_hussards;07/10/2007 07:18;274
Attis;Antoine_Banassat;07/10/2007 08:42;1219
MMBot;André_Joseph_Abrial;10/10/2007 04:14;22
86.212.52.231;Coup_d'État_du_18_fructidor_an_V;12/10/2007 06:17;80
86.212.52.231;Coup_d'État_du_18_fructidor_an_V;12/10/2007 06:25;191
86.212.52.231;Coup_d'État_du_18_fructidor_an_V;12/10/2007 06:29;66
Symposiarch;Alexandre_François_Marie_de_Beauharnais;18/10/2007 08:55;32
Louperibot;Bonnet_phrygien;20/10/2007 01:03;9
Attis;Affaire_du_camp_de_Grenelle;22/10/2007 05:58;3656
O. Morand;Loi_du_28_pluviôse_an_VIII;23/10/2007 10:28;5117
Attis;Affaire_du_camp_de_Grenelle;23/10/2007 11:38;92
Attis;Affaire_du_camp_de_Grenelle;23/10/2007 11:43;28
Attis;Affaire_du_camp_de_Grenelle;23/10/2007 11:44;2
Attis;Affaire_du_camp_de_Grenelle;23/10/2007 11:45;17
Attis;Affaire_du_camp_de_Grenelle;23/10/2007 11:50;471
GillesC;1er_régiment_de_dragons;25/10/2007 01:53;136
Duch;Complot_révolutionnaire_nantais_contre_les_modérés;25/10/2007 05:34;18
Nias;12e_régiment_de_hussards;26/10/2007 09:26;246
201.2.254.194;Alexandre_François_Marie_de_Beauharnais;30/10/2007 01:27;32
Scoubidou75;Carle_Vernet;02/11/2007 04:23;29
Scoubidou75;Carle_Vernet;02/11/2007 04:25;28
Scoubidou75;Carle_Vernet;04/11/2007 06:20;84
Scoubidou75;Carle_Vernet;04/11/2007 06:20;6
Scoubidou75;Carle_Vernet;04/11/2007 06:22;46
Scoubidou75;Carle_Vernet;04/11/2007 06:26;20
83.177.247.37;Loi_du_28_pluviôse_an_VIII;04/11/2007 11:29;2
Richelieu;Alexandre_François_Marie_de_Beauharnais;07/11/2007 02:32;195
Richelieu;Alexandre_François_Marie_de_Beauharnais;07/11/2007 02:34;67
Clémentsf;1er_régiment_de_dragons;07/11/2007 09:16;1282
Le Pied-bot;Citoyen_actif;08/11/2007 04:23;33
Le Pied-bot;Conseil_exécutif_(Révolution_française);08/11/2007 04:24;33
Le Pied-bot;Baiser_Lamourette;08/11/2007 06:08;33
Polmars;Club_des_Impartiaux;08/11/2007 07:08;32
Polmars;Club_de_1789;08/11/2007 07:12;34
Scoubidou75;Carle_Vernet;08/11/2007 10:00;32
Scoubidou75;Carle_Vernet;08/11/2007 10:01;18
Scoubidou75;Carle_Vernet;08/11/2007 10:26;2
77.193.214.77;Chouans_!;10/11/2007 01:31;64
Luzmael;Affaire_du_camp_de_Grenelle;10/11/2007 04:55;438
Jplm;Caroline_chérie_(1951);10/11/2007 10:10;48
Polmars;Affaire_Réveillon;10/11/2007 11:19;54
Attis;Affaire_du_camp_de_Grenelle;11/11/2007 02:35;202
Venividi;1er_régiment_de_dragons;11/11/2007 06:10;378
Zorrobot;Bonnet_phrygien;11/11/2007 08:36;19
RD47;1er_régiment_de_dragons;11/11/2007 12:05;3
Attis;Affaire_du_camp_de_Grenelle;11/11/2007 12:32;22
Attis;Affaire_du_camp_de_Grenelle;11/11/2007 12:35;11
Peng;Benjamin_Zix;13/11/2007 04:36;20
90.12.52.247;Bien_national;18/11/2007 09:32;3
Ga-massoni;11e_régiment_de_hussards_(France);24/11/2007 03:52;4
Godix;Charles_Antoine_Chasset;25/11/2007 02:50;1142
Godix;Charles_Antoine_Chasset;25/11/2007 02:52;10
Godix;Charles_Antoine_Chasset;25/11/2007 02:52;3
ZiziBot;13e_régiment_de_hussards;25/11/2007 04:26;60
DeepBot;13e_régiment_de_hussards;25/11/2007 06:22;38
Fredbo28;11e_régiment_de_hussards_(France);26/11/2007 09:43;742
Fredbo28;13e_régiment_de_hussards;28/11/2007 06:00;722
Fredbo28;13e_régiment_de_hussards;28/11/2007 06:01;86
Khaerr;Chouans_!;29/11/2007 12:15;69
Orbi Fontes;Coup_d'État_du_18_fructidor_an_V;01/12/2007 07:54;6
Orbi Fontes;Coup_d'État_du_18_fructidor_an_V;01/12/2007 07:58;125
Orbi Fontes;Coup_d'État_du_18_fructidor_an_V;01/12/2007 08:00;19
Orbi Fontes;Coup_d'État_du_18_fructidor_an_V;01/12/2007 08:08;64
Escarbot;André_Joseph_Abrial;02/12/2007 02:09;0
Fredbo28;12e_régiment_de_hussards;02/12/2007 04:55;788
Ga-massoni;12e_régiment_de_hussards;02/12/2007 09:21;1
Ga-massoni;12e_régiment_de_hussards;02/12/2007 09:24;178
Jhc;Certificat_de_civisme;05/12/2007 02:49;30
Stéphane33;Charles_Antoine_Chasset;08/12/2007 09:17;25
83.194.143.61;1er_régiment_de_dragons;09/12/2007 06:29;35
Fredbo28;1er_régiment_de_dragons;09/12/2007 11:53;1113
Fredbo28;1er_régiment_de_dragons;09/12/2007 11:55;1
Dauphiné;Armée_de_l'Ouest;10/12/2007 11:14;4111
Dauphiné;Armée_de_l'Ouest;10/12/2007 11:22;880
Fredbo28;1er_régiment_de_dragons;11/12/2007 08:27;35
Fredbo28;13e_régiment_de_hussards;11/12/2007 08:30;33
Matrix76;Auguste_Marie_Raymond_d'Arenberg;13/12/2007 01:21;38
Ga-massoni;10e_régiment_de_hussards;16/12/2007 03:33;113
Ga-massoni;10e_régiment_de_hussards;16/12/2007 03:35;59
Ga-massoni;10e_régiment_de_hussards;16/12/2007 03:43;442
Ga-massoni;12e_régiment_de_hussards;16/12/2007 03:51;231
NicoV;Complot_de_Charenton;17/12/2007 09:02;31
Fredbo28;10e_régiment_de_hussards;17/12/2007 10:24;1806
83.145.66.178;Affaire_Réveillon;18/12/2007 09:51;7
JoseREMY;Armée_de_l'Ouest;21/12/2007 12:30;24
Le Pied-bot;Alexandre_François_Marie_de_Beauharnais;22/12/2007 11:02;1
Richelieu;Alexandre_François_Marie_de_Beauharnais;27/12/2007 06:43;444
Richelieu;Alexandre_François_Marie_de_Beauharnais;27/12/2007 07:09;69
RobotQuistnix;Bonnet_phrygien;28/12/2007 07:41;20
EVula;Camille_Borghèse;29/12/2007 01:21;59
Ga-massoni;13e_régiment_de_hussards;30/12/2007 01:05;111
Ga-massoni;13e_régiment_de_hussards;30/12/2007 01:06;19
Ga-massoni;10e_régiment_de_hussards;30/12/2007 02:26;43
83.202.19.25;Coup_d'État_du_18_fructidor_an_V;30/12/2007 06:27;61
Ga-massoni;10e_régiment_de_hussards;30/12/2007 08:15;13
Ga-massoni;10e_régiment_de_hussards;30/12/2007 08:16;93
Ga-massoni;10e_régiment_de_hussards;30/12/2007 08:17;14
Ga-massoni;12e_régiment_de_hussards;30/12/2007 08:22;29
Ga-massoni;12e_régiment_de_hussards;30/12/2007 08:31;323
Ga-massoni;12e_régiment_de_hussards;30/12/2007 08:36;177
Pontarlier;Charles_Antoine_Chasset;30/12/2007 12:01;62
Ga-massoni;12e_régiment_de_hussards;30/12/2007 12:58;67
Ga-massoni;13e_régiment_de_hussards;30/12/2007 12:59;67
Fredbo28;13e_régiment_de_hussards;31/12/2007 11:35;60
Fredbo28;13e_régiment_de_hussards;31/12/2007 11:37;24
Pontarlier;Coup_d'État_du_18_fructidor_an_V;04/01/2008 02:52;34
Jaucourt;Coup_d'État_du_18_fructidor_an_V;05/01/2008 05:58;1
Mythe;Caroline_chérie_(1951);06/01/2008 12:35;52
Shaddam 5;Alexandre_François_Marie_de_Beauharnais;07/01/2008 02:16;69
Shaddam 5;Alexandre_François_Marie_de_Beauharnais;07/01/2008 02:16;71
Arnaud.Serander;1er_régiment_de_dragons;07/01/2008 10:18;30
Khaerr;Armée_de_l'Ouest;09/01/2008 01:14;368
DumZiBoT;Citoyen_actif;09/01/2008 05:59;39
Daniel*D;Charles_Antoine_Chasset;09/01/2008 12:13;0
Daniel*D;Charles_Antoine_Chasset;09/01/2008 12:24;264
Sammyday;Alexandre_François_Marie_de_Beauharnais;10/01/2008 02:43;549
Sammyday;Camille_Borghèse;10/01/2008 04:42;16
Attis;Achille_Libéral_Treilhard;15/01/2008 03:03;16
GillesC;Armée_de_l'Ouest;17/01/2008 02:40;19
Shaddam 5;Benjamin_Zix;17/01/2008 08:48;16
Shaddam 5;Camille_Borghèse;17/01/2008 08:58;16
Heurtelions;Citoyen_actif;20/01/2008 02:20;817
Kilom691;Benjamin_Zix;27/01/2008 01:30;1
DumZiBoT;Complot_révolutionnaire_nantais_contre_les_modérés;30/01/2008 03:41;32
GillesC;11e_régiment_de_hussards_(France);31/01/2008 05:54;20
GillesC;12e_régiment_de_hussards;31/01/2008 05:55;20
GillesC;Carle_Vernet;31/01/2008 05:58;20
DumZiBoT;Accapareurs;03/02/2008 08:24;2
Hercule;Achille_Libéral_Treilhard;03/02/2008 09:58;30
DumZiBoT;Corps_législatif_(Consulat_et_Premier_Empire);03/02/2008 10:48;79
DumZiBoT;10e_régiment_de_hussards;04/02/2008 08:15;2
DumZiBoT;12e_régiment_de_hussards;04/02/2008 08:15;2
DumZiBoT;13e_régiment_de_hussards;04/02/2008 08:15;2
DumZiBoT;11e_régiment_de_hussards_(France);04/02/2008 08:16;2
DumZiBoT;Affaire_de_Nancy;05/02/2008 11:19;2
Vervin;Chouans_!;06/02/2008 08:11;22
DumZiBoT;Ci-devant;08/02/2008 10:42;2
DumZiBoT;Citoyen_actif;10/02/2008 03:45;16
WikiCleanerBot;Citoyen_actif;10/02/2008 11:34;11
DumZiBoT;Bien_national;10/02/2008 12:31;2
DumZiBoT;Affaire_Réveillon;12/02/2008 02:52;2
DumZiBoT;Contributions_directes;12/02/2008 07:14;2
DumZiBoT;Certificat_de_civisme;12/02/2008 08:57;2
DumZiBoT;André_Joseph_Abrial;13/02/2008 05:37;3
DumZiBoT;Club_de_1789;13/02/2008 10:35;1384
DumZiBoT;Armée_de_l'Ouest;14/02/2008 09:45;10
Loveless;Benjamin_Zix;15/02/2008 05:11;7
Polmars;Club_de_1789;17/02/2008 10:52;76
Polmars;Club_de_Salm;17/02/2008 10:54;76
Polmars;Club_des_Impartiaux;17/02/2008 10:56;86
Polmars;Club_des_Impartiaux;17/02/2008 10:57;27
Polmars;Club_de_1789;17/02/2008 12:12;21
Polmars;Club_de_1789;17/02/2008 12:12;43
Wikimaniac;Chouans_!;20/02/2008 03:57;382
WikiCleanerBot;André_Joseph_Abrial;21/02/2008 06:33;22
StefBot;Caroline_chérie_(1951);24/02/2008 08:44;16
Aladin34;Chouans_!;27/02/2008 02:47;8
StefBot;Carle_Vernet;29/02/2008 03:49;26
Badmood;Alexandre_François_Marie_de_Beauharnais;01/03/2008 10:44;1
Colombia;Alexandre_François_Marie_de_Beauharnais;02/03/2008 03:59;260
Colombia;Alexandre_François_Marie_de_Beauharnais;02/03/2008 04:00;38
Colombia;Alexandre_François_Marie_de_Beauharnais;02/03/2008 04:16;171
Colombia;Alexandre_François_Marie_de_Beauharnais;02/03/2008 04:22;4
Colombia;Alexandre_François_Marie_de_Beauharnais;02/03/2008 04:25;0
Sammyday;Alexandre_François_Marie_de_Beauharnais;03/03/2008 10:54;214
Sammyday;Alexandre_François_Marie_de_Beauharnais;03/03/2008 10:55;192
Kirtap;Conspiration_des_poignards;05/03/2008 09:20;1348
Kirtap;Conspiration_des_poignards;05/03/2008 09:28;30
Kirtap;Conspiration_des_poignards;05/03/2008 09:29;17
Kirtap;Conspiration_des_poignards;05/03/2008 09:38;143
Odoacre;Camille_Borghèse;07/03/2008 02:26;17
Fantassin 72;10e_régiment_de_hussards;09/03/2008 03:28;43
Fantassin 72;10e_régiment_de_hussards;09/03/2008 03:29;54
Kirtap;Conspiration_des_poignards;10/03/2008 03:00;118
Kirtap;Conspiration_des_poignards;10/03/2008 03:01;33
Sammyday;Antoine_Banassat;10/03/2008 03:11;158
80.143.100.193;Complot_de_l'Œillet;10/03/2008 05:43;1
Fantassin 72;10e_régiment_de_hussards;10/03/2008 06:42;100
Fantassin 72;10e_régiment_de_hussards;10/03/2008 06:43;38
Attis;Conspiration_des_poignards;11/03/2008 03:53;575
Attis;Conspiration_des_poignards;11/03/2008 04:03;8
Sammyday;Conspiration_des_poignards;11/03/2008 09:35;42
Sammyday;Conspiration_des_poignards;11/03/2008 09:35;4
Attis;Conspiration_des_poignards;11/03/2008 10:07;1558
83.202.36.102;Coup_d'État_du_18_fructidor_an_V;12/03/2008 06:33;174
83.202.36.102;Coup_d'État_du_18_fructidor_an_V;12/03/2008 06:42;62
Attis;Conspiration_des_poignards;12/03/2008 09:37;1234
Sammyday;Conspiration_des_poignards;12/03/2008 09:46;4
Attis;Conspiration_des_poignards;12/03/2008 10:30;12
Sanao;Cocarde_tricolore;16/03/2008 09:42;636
Laurent Nguyen;Cocarde_tricolore;16/03/2008 09:58;0
Sanao;Cocarde_tricolore;16/03/2008 10:17;1661
Philip;Bataille_de_Cholet;17/03/2008 01:36;224
Attis;Affaire_du_camp_de_Grenelle;18/03/2008 02:34;42
Attis;Antoine_Banassat;18/03/2008 12:33;15
Michco;Complot_révolutionnaire_nantais_contre_les_modérés;23/03/2008 03:39;167
-Strogoff-;Corps_législatif_(Consulat_et_Premier_Empire);28/03/2008 01:21;41
-Strogoff-;Charles_Antoine_Chasset;29/03/2008 02:13;515
Heurtelions;Bien_national;31/03/2008 08:19;1273
Heurtelions;Bien_national;31/03/2008 08:25;58
Heurtelions;Bien_national;31/03/2008 08:38;850
Heurtelions;Bien_national;31/03/2008 08:43;534
Heurtelions;Bien_national;31/03/2008 08:45;151
Heurtelions;Bien_national;31/03/2008 08:47;48
-Strogoff-;André_Joseph_Abrial;31/03/2008 11:51;62
-Strogoff-;André_Joseph_Abrial;31/03/2008 11:57;52
Badmood;Caroline_chérie_(1951);01/04/2008 01:23;24
Badmood;Bataille_de_Cholet;01/04/2008 06:05;24
Badmood;Club_des_Impartiaux;01/04/2008 06:30;39
Badmood;Affaire_Réveillon;01/04/2008 06:58;46
Badmood;Club_de_Salm;01/04/2008 07:07;39
Badmood;Club_de_1789;01/04/2008 07:55;1451
Badmood;Alexandre_François_Marie_de_Beauharnais;01/04/2008 09:07;26
Attis;Antoine_Banassat;01/04/2008 09:41;40
Alecs.bot;10e_régiment_de_hussards;02/04/2008 01:12;63
Alecs.bot;11e_régiment_de_hussards_(France);02/04/2008 01:47;60
Alecs.bot;12e_régiment_de_hussards;02/04/2008 02:27;31
Alecs.bot;13e_régiment_de_hussards;02/04/2008 02:33;69
Alecs.bot;Affaire_de_Nancy;02/04/2008 07:41;23
Badmood;Armée_de_l'Ouest;02/04/2008 07:46;24
Badmood;Club_de_1789;02/04/2008 09:16;39
Alecs.bot;Accapareurs;03/04/2008 04:10;26
Badmood;Corps_législatif_(Consulat_et_Premier_Empire);03/04/2008 04:48;46
Badmood;Bonnet_phrygien;03/04/2008 10:28;24
Badmood;Loi_du_28_pluviôse_an_VIII;04/04/2008 05:44;26
Stéphane33;Comité_d'instruction_publique;04/04/2008 12:03;1
Nicod;Comité_ecclésiastique;06/04/2008 03:16;776
Nicod;Comité_ecclésiastique;06/04/2008 03:20;180
Nicod;Augustin-Jean-Charles_Clément;06/04/2008 04:23;1300
Serein;Comité_ecclésiastique;06/04/2008 08:04;2
Serein;Comité_ecclésiastique;06/04/2008 08:05;19
Nicod;Augustin-Jean-Charles_Clément;06/04/2008 08:57;9
Serein;Augustin-Jean-Charles_Clément;07/04/2008 07:20;31
Serein;Augustin-Jean-Charles_Clément;07/04/2008 07:30;884
Serein;Augustin-Jean-Charles_Clément;07/04/2008 07:31;32
-Strogoff-;Antoine_François_Péré;07/04/2008 07:52;1710
Khaerr;Armée_de_l'Ouest;12/04/2008 12:45;79
82.124.95.71;Bonnet_phrygien;15/04/2008 06:31;12
Arsene lapin;Conspiration_des_poignards;15/04/2008 09:12;19
Niavlys81;Charles_Antoine_Chasset;16/04/2008 04:40;46
Sammyday;Complot_de_l'Œillet;21/04/2008 02:07;96
Badmood;Charles_Antoine_Chasset;21/04/2008 02:30;13
62.203.140.192;Bonnet_phrygien;24/04/2008 06:19;27
62.203.140.192;Bonnet_phrygien;24/04/2008 06:26;17
82.251.123.34;Bonnet_phrygien;25/04/2008 09:40;30
PoM;Contributions_directes;26/04/2008 09:53;64
83.199.55.16;Coup_d'État_du_18_fructidor_an_V;27/04/2008 04:47;53
Hughes brivet;Carle_Vernet;01/05/2008 01:37;450
Hughes brivet;Carle_Vernet;01/05/2008 06:09;837
82.242.44.18;Bien_national;01/05/2008 09:40;311
Laure-Marie;Auguste_Marie_Raymond_d'Arenberg;02/05/2008 01:44;442
-Strogoff-;Corps_législatif_(Consulat_et_Premier_Empire);05/05/2008 02:38;35
-Strogoff-;Corps_législatif_(Consulat_et_Premier_Empire);05/05/2008 03:02;60
JAnDbot;Alexandre_François_Marie_de_Beauharnais;06/05/2008 08:31;32
Hughes brivet;Carle_Vernet;11/05/2008 09:36;53
Zetud;Antoine_François_Péré;12/05/2008 03:48;94
Nicod;Augustin-Jean-Charles_Clément;14/05/2008 09:51;4
Wanderer999;Club_de_1789;16/05/2008 12:30;0
Wanderer999;Club_de_1789;16/05/2008 12:31;0
Loveless;Auguste_Marie_Raymond_d'Arenberg;17/05/2008 11:08;67
Loveless;Bon_Albert_Briois_de_Beaumetz;17/05/2008 11:09;118
Loveless;Charles_Antoine_Chasset;17/05/2008 11:10;66
Épiméthée;Bien_national;18/05/2008 09:17;361
Nicod;Augustin-Jean-Charles_Clément;18/05/2008 11:56;1042
Nicod;Augustin-Jean-Charles_Clément;18/05/2008 12:17;6
Nicod;Augustin-Jean-Charles_Clément;18/05/2008 12:21;256
Nicod;Augustin-Jean-Charles_Clément;18/05/2008 12:26;76
Nicod;Augustin-Jean-Charles_Clément;19/05/2008 08:40;1593
Nicod;Augustin-Jean-Charles_Clément;19/05/2008 08:51;716
Nicod;Augustin-Jean-Charles_Clément;19/05/2008 09:45;408
Nicod;Augustin-Jean-Charles_Clément;19/05/2008 09:47;31
Ybourgogne;Corps_législatif_(Consulat_et_Premier_Empire);21/05/2008 01:08;38
Serein;Augustin-Jean-Charles_Clément;22/05/2008 10:50;17
Ptbotgourou;Armée_de_l'Ouest;23/05/2008 09:06;208
Ptbotgourou;Carle_Vernet;23/05/2008 09:46;24
BeatrixBelibaste;Augustin-Jean-Charles_Clément;23/05/2008 11:00;62
Mro;Bien_national;24/05/2008 11:09;13
Nelson98;Coup_d'État_du_18_fructidor_an_V;24/05/2008 12:48;58
Nicod;Comité_ecclésiastique;26/05/2008 09:41;26
Nicod;Comité_ecclésiastique;26/05/2008 09:47;100
Nicod;Comité_ecclésiastique;26/05/2008 10:02;48
Nicod;Comité_ecclésiastique;26/05/2008 10:38;16
Nicod;Comité_ecclésiastique;26/05/2008 11:07;41
Nicod;Comité_ecclésiastique;27/05/2008 02:13;924
Nicod;Comité_ecclésiastique;27/05/2008 03:15;144
Nicod;Comité_ecclésiastique;27/05/2008 03:21;14
Kirtap;Comité_d'instruction_publique;28/05/2008 01:52;33
Kirtap;Carle_Vernet;29/05/2008 12:56;34
Ir4ubot;Conspiration_de_Bicêtre;31/05/2008 01:05;18
Ir4ubot;Complot_révolutionnaire_nantais_contre_les_modérés;31/05/2008 12:52;16
Ir4ubot;Armée_de_l'Ouest;01/06/2008 02:14;16
-Strogoff-;André_Joseph_Abrial;02/06/2008 02:14;53
-Strogoff-;Club_de_Salm;02/06/2008 05:49;25
Ybourgogne;Corps_législatif_(Consulat_et_Premier_Empire);02/06/2008 06:21;91
-Strogoff-;Baiser_Lamourette;04/06/2008 06:39;17
-Strogoff-;Adoption_par_Louis_XVI_de_la_cocarde_tricolore;04/06/2008 06:44;17
Épiméthée;Club_des_Impartiaux;06/06/2008 03:50;50
Épiméthée;Club_de_Salm;06/06/2008 03:51;40
Louis-garden;Camille_Borghèse;09/06/2008 03:00;17
Serein;Appel_nominal;10/06/2008 08:07;1185
Serein;Appel_nominal;10/06/2008 08:09;68
Serein;Complot_révolutionnaire_nantais_contre_les_modérés;10/06/2008 08:22;68
Zetud;Armée_de_l'Ouest;10/06/2008 09:17;9
Zetud;Complot_révolutionnaire_nantais_contre_les_modérés;10/06/2008 09:19;6
Zetud;Conspiration_de_Bicêtre;10/06/2008 09:20;5
Zetud;Complot_de_l'Œillet;10/06/2008 09:29;2
-Strogoff-;Affaire_de_Nancy;11/06/2008 04:47;17
-Strogoff-;Armée_de_l'Ouest;11/06/2008 04:49;126
-Strogoff-;Appel_nominal;11/06/2008 05:00;17
-Strogoff-;Affaire_du_camp_de_Grenelle;11/06/2008 05:28;42
-Strogoff-;Bataille_de_Cholet;11/06/2008 05:31;68
-Strogoff-;Coup_d'État_du_18_fructidor_an_V;11/06/2008 06:23;42
-Strogoff-;Complot_de_Charenton;11/06/2008 06:25;17
-Strogoff-;Complot_révolutionnaire_nantais_contre_les_modérés;11/06/2008 06:26;17
-Strogoff-;Affaire_Réveillon;11/06/2008 06:45;16
Attis;Affaire_du_camp_de_Grenelle;12/06/2008 07:03;19
-Strogoff-;Corps_législatif_(Consulat_et_Premier_Empire);12/06/2008 11:29;54
-Strogoff-;Corps_législatif_(Consulat_et_Premier_Empire);13/06/2008 12:37;30
Estebanlenormand;Antoine_Alexandre_Hanicque;14/06/2008 07:48;1558
-Strogoff-;André_Joseph_Abrial;15/06/2008 01:12;113
Kropotkine 113;Antoine_Alexandre_Hanicque;15/06/2008 02:24;53
-Strogoff-;Achille_Libéral_Treilhard;15/06/2008 03:41;32
-Strogoff-;Charles_Antoine_Chasset;15/06/2008 06:52;17
24.202.0.195;Bonnet_phrygien;15/06/2008 10:05;102
-Strogoff-;Corps_législatif_(Consulat_et_Premier_Empire);16/06/2008 06:19;23
Clémentsf;1er_régiment_de_dragons;16/06/2008 06:47;4
-Strogoff-;Loi_du_28_pluviôse_an_VIII;16/06/2008 06:49;113
-Strogoff-;Conspiration_des_poignards;16/06/2008 06:50;69
Zetud;Camille_Borghèse;16/06/2008 09:25;29
-Strogoff-;Antoine_Alexandre_Hanicque;16/06/2008 10:04;44
-Strogoff-;Bataille_de_Cholet;17/06/2008 08:51;34
Albambot;Alexandre_François_Marie_de_Beauharnais;17/06/2008 09:26;32
PierreEG;Complot_de_l'Œillet;18/06/2008 07:10;17
PierreEG;Conseil_exécutif_(Révolution_française);18/06/2008 07:14;17
PierreEG;Conspiration_de_Bicêtre;18/06/2008 07:14;17
-Strogoff-;Benjamin_Zix;18/06/2008 07:29;91
PierreEG;Bien_national;18/06/2008 09:59;35
PierreEG;Certificat_de_civisme;18/06/2008 09:59;57
-Strogoff-;Camille_Borghèse;18/06/2008 12:53;46
Kirtap;Carle_Vernet;19/06/2008 07:37;126
Jaucourt;Bien_national;19/06/2008 09:47;44
HerculeBot;Benjamin_Zix;20/06/2008 06:58;9
-Strogoff-;Antoine_Alexandre_Hanicque;20/06/2008 10:17;3
Jaucourt;Bataille_de_Cholet;20/06/2008 10:24;15
-Strogoff-;Bonnet_phrygien;22/06/2008 01:15;34
-Strogoff-;Bonnet_phrygien;22/06/2008 01:15;11
-Strogoff-;Contributions_directes;22/06/2008 05:45;84
-Strogoff-;Cocarde_tricolore;22/06/2008 06:04;13
-Strogoff-;Accapareurs;22/06/2008 06:09;13
-Strogoff-;Blancs_(Révolution_française);22/06/2008 06:14;13
-Strogoff-;Citoyen_actif;22/06/2008 06:18;11
Chaoborus;Armée_de_l'Ouest;22/06/2008 11:08;4
FHd;Augustin-Jean-Charles_Clément;25/06/2008 08:40;97
Khaerr;Chouans_!;25/06/2008 10:59;47
PierreEG;Charles_Antoine_Chasset;25/06/2008 11:33;25
Thijs!bot;Alexandre_François_Marie_de_Beauharnais;26/06/2008 02:37;47
Khaerr;Bataille_de_Cholet;27/06/2008 10:42;99
Badmood;13e_régiment_de_hussards;29/06/2008 04:10;432
Badmood;12e_régiment_de_hussards;29/06/2008 08:04;356
Mro;11e_régiment_de_hussards_(France);30/06/2008 01:06;512
82.225.234.108;Bonnet_phrygien;30/06/2008 03:57;133
PierreEG;Antoine_François_Péré;30/06/2008 08:00;20
MelancholieBot;Camille_Borghèse;04/07/2008 05:39;41
-Strogoff-;Carle_Vernet;04/07/2008 09:03;17
343KKT Kintaro;Bonnet_phrygien;04/07/2008 09:19;4
Sebleouf;Charles_Antoine_Chasset;04/07/2008 09:57;38
Thijs!bot;Camille_Borghèse;05/07/2008 12:01;41
Jaucourt;Adoption_par_Louis_XVI_de_la_cocarde_tricolore;06/07/2008 07:02;374
Épiméthée;11e_régiment_de_hussards_(France);07/07/2008 09:30;0
Ir4ubot;Armée_de_l'Ouest;08/07/2008 09:01;5
Dinkley;Cocarde_tricolore;08/07/2008 11:31;77
Épiméthée;11e_régiment_de_hussards_(France);09/07/2008 05:56;116
Épiméthée;11e_régiment_de_hussards_(France);09/07/2008 05:56;8
Dinkley;Cocarde_tricolore;10/07/2008 06:31;101
Dinkley;Cocarde_tricolore;10/07/2008 06:31;1
Sanao;Cocarde_tricolore;10/07/2008 07:54;1613
Ir4ubot;Complot_révolutionnaire_nantais_contre_les_modérés;10/07/2008 08:32;5
Ir4ubot;Conspiration_de_Bicêtre;10/07/2008 08:37;5
89.3.211.202;Antoine_Banassat;12/07/2008 01:14;37
Ga-massoni;12e_régiment_de_hussards;13/07/2008 04:32;35
Ga-massoni;12e_régiment_de_hussards;13/07/2008 04:46;896
Ga-massoni;12e_régiment_de_hussards;13/07/2008 04:47;33
Ga-massoni;12e_régiment_de_hussards;13/07/2008 04:49;50
Ga-massoni;12e_régiment_de_hussards;13/07/2008 05:00;723
Ga-massoni;12e_régiment_de_hussards;13/07/2008 05:07;4
Lykos;Antoine_Banassat;13/07/2008 08:07;30
80.12.121.197;12e_régiment_de_hussards;14/07/2008 06:40;8
GillesC;Cocarde_tricolore;18/07/2008 04:35;24
MelancholieBot;Bonnet_phrygien;19/07/2008 07:47;11
Jotun;Coup_d'État_du_18_fructidor_an_V;19/07/2008 10:03;24
90.22.102.140;Corps_législatif_(Consulat_et_Premier_Empire);21/07/2008 08:07;5
Dinkley;Cocarde_tricolore;23/07/2008 08:19;2238
Dinkley;Cocarde_tricolore;23/07/2008 08:25;39
Dinkley;Adoption_par_Louis_XVI_de_la_cocarde_tricolore;23/07/2008 08:26;1699
